{"cameraMode":{"drawMode":0,"name":"Shaded","section":"Shading Mode"},"sceneLighting":true,"audioPlay":false,"sceneViewState":{"showFog":true,"showMaterialUpdate":false,"showSkybox":true,"showFlares":true,"showImageEffects":true,"showParticleSystems":true},"in2DMode":false,"pivot":{"x":0.6416342258453369,"y":-4.501616954803467,"z":-10.858598709106446},"rotation":{"x":0.1799015998840332,"y":-0.01180264912545681,"z":0.0021659014746546747,"w":0.9836181998252869},"size":20.85262680053711,"orthographic":false}